{
	"vertexDesc"	: "position:vec3, norm:vec3, binorm:vec3, tgt:vec3, uv:vec2, color:vec4",
	"vertexSize"	: 72,
	"verticesCount"	: 16,
	"verticesData"	: [-6.043600,9.648600,0.000000,-0.603210,0.065201,0.794913,-0.039410,-0.997872,0.051942,0.796608,0.000004,0.604496,0.000000,0.666700,1.000000,0.000000,0.000000,1.000000,-6.043600,6.367300,0.000000,-0.679814,0.046401,0.731915,-0.032033,-0.998923,0.033575,0.732685,-0.000621,0.680568,0.000000,1.000000,1.000000,1.000000,0.000000,1.000000,-2.088700,9.648600,3.465500,-0.351303,0.254502,0.901008,-0.107344,-0.966948,0.231275,0.930088,-0.015470,0.367011,0.333300,0.666700,0.000000,0.000000,1.000000,1.000000,-2.088700,6.367300,4.081100,-0.368790,0.171395,0.913574,-0.055833,-0.985163,0.162287,0.927834,0.008842,0.372887,0.333300,1.000000,1.000000,0.000000,0.000000,1.000000,1.866200,9.648600,3.465500,0.312803,0.244502,0.917809,0.086783,-0.969615,0.228726,0.945845,0.008104,-0.324517,0.666700,0.666700,1.000000,1.000000,0.000000,1.000000,1.866200,6.367300,4.081100,0.348399,0.149199,0.925396,0.081776,-0.988325,0.128558,0.933773,0.030886,-0.356532,0.666700,1.000000,0.000000,0.000000,1.000000,1.000000,5.821200,9.648600,0.000000,0.679031,0.023501,0.733733,0.015987,-0.999724,0.017225,0.733936,0.000034,-0.679219,1.000000,0.666700,1.000000,0.000000,0.000000,1.000000,5.821200,6.367300,0.000000,0.718120,-0.000000,0.695919,-0.000000,-1.000000,-0.000000,0.695919,0.000000,-0.718120,1.000000,1.000000,1.000000,1.000000,0.000000,1.000000,-6.043600,12.929900,0.000000,-0.340299,0.128499,0.931496,-0.042359,-0.991708,0.121331,0.939363,0.001831,0.342920,0.000000,0.333300,0.000000,0.000000,1.000000,1.000000,-2.088700,12.929900,2.071100,-0.261909,0.412214,0.872630,-0.125883,-0.911060,0.392586,0.956848,-0.007027,0.290505,0.333300,0.333300,1.000000,0.000000,0.000000,1.000000,1.866200,12.929900,2.071100,0.173096,0.409191,0.895880,0.070383,-0.912424,0.403148,0.982387,-0.006729,-0.186737,0.666700,0.333300,1.000000,1.000000,0.000000,1.000000,5.821200,12.929900,0.000000,0.528778,0.067597,0.846064,0.036489,-0.997712,0.056908,0.847976,0.000780,-0.530035,1.000000,0.333300,0.000000,0.000000,1.000000,1.000000,-6.043600,16.211100,0.000000,0.000000,-0.000000,1.000000,0.000000,-1.000000,-0.000000,1.000000,0.000000,0.000000,0.000000,0.000000,1.000000,0.000000,0.000000,1.000000,-2.088700,16.211100,0.000000,-0.129805,0.425217,0.895735,-0.073152,-0.905023,0.419025,0.988837,-0.011133,0.148582,0.333300,0.000000,1.000000,1.000000,0.000000,1.000000,1.866200,16.211100,0.000000,0.000000,0.533805,0.845608,-0.000000,-0.845608,0.533805,1.000000,0.000000,0.000000,0.666700,0.000000,0.000000,0.000000,1.000000,1.000000,5.821200,16.211100,0.000000,0.271197,0.258397,0.927191,0.065475,-0.966013,0.250065,0.960294,-0.007109,-0.278899,1.000000,0.000000,1.000000,0.000000,0.000000,1.000000],
	"indicesCount"	: 54,
	"indicesData"	: [0,1,2,3,2,1,2,3,4,5,4,3,4,5,6,7,6,5,8,0,9,2,9,0,9,2,10,4,10,2,10,4,11,6,11,4,12,8,13,9,13,8,13,9,14,10,14,9,14,10,15,11,15,10]
}